{
    "accuracy score": 0.8137333333333333,
    "Precision score": 0.702276707530648,
    "Recall score": 0.2463144963144963,
    "F1 score": 0.3647112323783538,
    "ROC score": 0.608681771318011,
    "Log loss": 6.713731171279555
}