{
    "accuracy score": 0.8081333333333334,
    "Precision score": 0.7140255009107468,
    "Recall score": 0.23416965352449223,
    "F1 score": 0.352676563202879,
    "ROC score": 0.6036107450595342,
    "Log loss": 6.915575630258611
}