{
    "accuracy score": 0.7754666666666666,
    "Precision score": 0.0,
    "Recall score": 0.0,
    "F1 score": 0.0,
    "ROC score": 0.5,
    "Log loss": 8.09300164096977
}